,UID,Name,RowLabel,Tags,PubUpdateFreq,Licensing,DataProvidedBy,URL,DataCustodian,Contact,Department
1,22nh-8v2f,Percent of Employees Who are Satisfied with Their Job,N,Y,Y,Y,Y,Y,Y,Y,Y
2,23es-hbeg,Sewer Abandoned Lines,N,N,N,N,N,Y,N,N,N
3,242n-66pq,Point-In-Time Homeless Counts,N,Y,Y,Y,N,Y,Y,Y,Y
4,25fx-5vm7,HS Dataset Violence Prevention outcomes,N,Y,Y,Y,Y,Y,Y,Y,Y
5,265y-pus5,Washington Land Area in Square Miles,N,Y,Y,N,Y,Y,Y,Y,Y
6,26kz-atns,ED Private Establishments & Wages QCEW,Y,N,Y,N,Y,Y,Y,Y,Y
7,28i6-ncnt,HS Rental Assistance Applications,N,N,Y,Y,N,Y,Y,N,Y
8,2f76-bzxc,HS MCIRT Ethnicity,N,N,Y,N,Y,Y,Y,Y,Y
9,2kz5-bef7,Parks - points,N,N,N,N,N,Y,N,N,N
10,2m3u-nz3s,Community Development Block Grant (CDBG) Public Facilities Projects,N,N,Y,Y,N,Y,Y,N,Y
11,2mja-w7yn,Reimbursement Agreement Areas,N,N,N,N,N,Y,N,N,N
12,2rh9-dk52,Facility Component polygon,N,N,N,N,N,Y,N,N,N
13,2ri8-yyc9,RSK On-the-Job Injury Claims,N,N,Y,Y,Y,Y,Y,N,Y
14,2s4a-hb37,Contour Index,N,N,N,N,N,Y,N,N,N
15,2vim-jhf5,PPW Customers Using PALS Online Features,N,N,Y,Y,Y,Y,Y,Y,Y
16,2xk3-265h,Pavement – Thru Lane,N,N,N,N,N,Y,N,N,N
17,2ydw-s2k5,Franchise - Gas,N,N,N,N,N,Y,N,N,N
18,2yic-mrqq,Tax Parcels,N,N,N,N,N,Y,N,N,N
19,32aw-savc,Leadership and Tribal Training,N,N,Y,N,N,Y,Y,N,Y
20,3376-5in4,Weekly Initial Unemployment Claims by County,N,Y,Y,Y,Y,Y,Y,Y,Y
21,34bz-hxup,Foothills Trail - Furniture,N,N,N,N,N,Y,N,N,N
22,34nh-29sx,School Grounds,N,N,N,N,N,Y,N,N,N
23,39xx-uipd,Urban Fed. Hwy. Boundary - 2000,N,N,N,N,N,Y,N,N,N
24,3a37-ahuv,Criminal Justice - Jail Average Daily Population and Pretrial Caseload,N,Y,Y,Y,Y,Y,Y,Y,Y
25,3amx-kaf8,Infrastructure Project Locations (Linear),N,N,N,N,N,Y,N,N,N
26,3bf9-j2fy,Election - Voter Maintenance,Y,Y,Y,N,Y,Y,Y,Y,Y
27,3c3r-qt8g,PKS Cost Recovery,N,Y,Y,Y,Y,Y,Y,Y,Y
28,3cb7-jha4,COM - Video Views,N,N,Y,N,N,Y,Y,N,Y
29,3ey5-9tvt,Mental Health (Trueblood) Clients Assessed-Referred,Y,N,Y,N,N,Y,Y,N,Y
30,3fmm-e82b,FIN Number of Users from Regional Agencies using IT Systems,N,Y,Y,Y,Y,Y,Y,Y,Y
31,3gvh-9ptj,Nonmotorized Transportation Plan,N,N,N,N,N,Y,N,N,N
32,3hb8-tsv5,Sewer Subbasins,N,N,N,N,N,Y,N,N,N
33,3jv7-t4u7,COVID-19 PC Testing Numbers,N,N,Y,N,N,Y,Y,N,Y
34,3mak-4srx,FIN Public Records Requests Summary,N,Y,Y,Y,Y,Y,Y,N,Y
35,3mqu-y78j,FIN Alternative Fuel Vehicles,Y,Y,Y,Y,Y,Y,Y,Y,Y
36,3msp-fxzk,Development Process Areas,N,N,N,N,N,Y,N,N,N
37,3pjf-6ntf,HR Employee Turnover Details,N,N,Y,Y,Y,Y,Y,Y,Y
38,3qbi-wy3u,Families Paying More Than 30% of Income in Housing Costs,N,Y,Y,Y,Y,Y,Y,Y,Y
39,3qep-juxa,GHG Emissions by Sector,N,N,Y,N,N,Y,Y,N,Y
40,3rxq-8kwg,PPW Roads Workload Indicators,N,N,Y,N,Y,Y,Y,Y,Y
41,3sz5-97w7,Gauge Sites,N,N,N,N,N,Y,N,N,N
42,3tuq-ykmp,Tax Parcels,N,N,N,N,N,Y,N,N,N
43,3vqf-rzh7,RTA Boundary,N,N,N,N,N,Y,N,N,N
44,3xp9-brgs,Economic Median Earnings by County WA,N,N,Y,Y,Y,Y,Y,N,Y
45,3y3a-hnp6,COVID-19 Emergency Management Expenditure Data,N,Y,Y,Y,Y,Y,Y,Y,Y
46,3y9d-2uw4,PPW SustainableResources,N,N,Y,N,Y,Y,Y,Y,Y
47,3yvc-y2hk,COVID 19 - Small Business Loans,N,Y,Y,Y,Y,Y,Y,Y,Y
48,3ywd-32ku,PPW Streams and Lake Water Quality,N,N,Y,Y,Y,Y,Y,Y,Y
49,445c-x8fr,First Five Fundamentals Diaper Bank,N,N,Y,N,N,Y,Y,N,Y
50,45hj-c8ud,Drainage - Network Structure Polygons,N,N,N,N,N,Y,N,N,N
51,46w2-bybe,Historic Register - PCR,N,N,N,N,N,Y,N,N,N
52,47c8-i9g4,HS Dataset Childreach,N,Y,Y,Y,Y,Y,Y,Y,Y
53,48aq-p3zc,Urban Growth Boundaries,N,N,N,N,N,Y,N,N,N
54,48av-gbs2,RTSQ,N,N,N,N,N,Y,N,N,N
55,48xn-5bh7,HS Dataset ECEAP kindergarten readiness,N,N,Y,Y,Y,Y,Y,Y,Y
56,49e4-8ct5,Median Household Income,N,Y,Y,Y,Y,Y,Y,N,Y
57,4ape-sukh,HS MCIRT Clients,N,N,Y,N,Y,Y,Y,Y,Y
58,4av5-7pki,HS Dataset Revenue by Category,N,N,Y,N,N,Y,Y,N,Y
59,4b9c-we5u,New E-Filing submissions 2017-2021,Y,N,Y,N,N,Y,Y,N,Y
60,4emi-3unj,2020 Census Tracts,N,N,N,N,N,Y,N,N,N
61,4hk5-khjn,Advisory Commission and Community Plan Areas,N,N,N,N,N,Y,N,N,N
62,4ifi-8evx,Marine Shoreline Critical Salmon Habitat,N,N,N,N,N,Y,N,N,N
63,4j5p-athy,"Mine Hazards - Tunnels, etc",N,N,N,N,N,Y,N,N,N
64,4je8-chuc,Congressional Districts,N,N,N,N,N,Y,N,N,N
65,4kvt-2kig,Public Access,N,N,N,N,N,Y,N,N,N
66,4ngt-5ewg,Urban Federal Hwy. Boundary - 2010,N,N,N,N,N,Y,N,N,N
67,4qci-8z9n,department plans,N,N,N,N,N,Y,N,N,N
68,4qqx-fkgk,Pierce County Sheriff Use of Force Data,Y,N,Y,Y,Y,Y,Y,Y,Y
69,4qwq-jvzp,Historic Structures,N,N,Y,N,N,Y,Y,N,Y
70,4t7s-j4he,HS Dataset Seniors To-Go meals,N,N,Y,N,N,Y,Y,Y,Y
71,4ums-7ty5,Demographic Median Age by City Pierce,N,Y,Y,Y,Y,Y,Y,Y,Y
72,4ux7-7h5q,FIN FPM Budget to Actuals,N,N,Y,Y,Y,Y,Y,Y,Y
73,4v5h-t3j7,Competency Order Transport Time,Y,Y,Y,Y,Y,Y,Y,Y,Y
74,4vx7-h3dv,PKS Conservation Futures,N,Y,Y,Y,Y,Y,Y,Y,Y
75,4wqa-j5je,Cities - Annexations - History,N,N,N,N,N,Y,N,N,N
76,4yhg-u9a6,Criminal Justice - Jail Booking Data,Y,Y,Y,Y,Y,Y,Y,Y,Y
77,4ze4-rs86,Average Days to Approve Commercial Permits with Annual Average,N,Y,Y,Y,Y,Y,Y,Y,Y
78,52qc-gc36,HS Consejo School Services,N,N,Y,N,Y,Y,Y,Y,Y
79,53ys-hg3d,HS PCA-ATC Evaluation Metrics,N,N,Y,N,Y,Y,Y,Y,Y
80,54ct-n254,HS 60+ Population Data,N,N,Y,N,N,Y,Y,Y,Y
81,584h-aq7t,CJFJC - PC Sheriff Reports,N,N,Y,N,N,Y,Y,N,Y
82,584x-vv7u,Foothill Trail Sections,N,N,N,N,N,Y,N,N,N
83,58r8-t88j,Floodplain BFE (Base Flood Elevation),N,N,N,N,N,Y,N,N,N
84,5cwf-a2g5,E-filing submissions,Y,N,Y,N,N,Y,Y,N,Y
85,5dq4-zdqs,Zip Codes,N,N,N,N,N,Y,N,N,N
86,5hjq-tih6,MED Reports Completed Within 90 Days,N,N,Y,Y,N,Y,Y,N,Y
87,5ibb-5iyf,Pierce County Regional Trails Plan (PCRTP) - 2020,N,N,N,N,N,Y,N,N,N
88,5icb-prp4,Floodplain Reviews,N,N,N,N,N,Y,N,N,N
89,5ifv-ty5x,HS WSU Snap-ed,N,Y,Y,Y,Y,Y,Y,Y,Y
90,5k7d-p74q,CLR_Scool_groups_metrics,N,N,Y,N,N,Y,Y,N,Y
91,5myk-ptj8,Sewer Valves,N,N,N,N,N,Y,N,N,N
92,5pyi-ztb7,Levees and Revetments,N,N,N,N,N,Y,N,N,N
93,5qhi-4aa8,FIN - Customer Transactions on Public Transparency Solutions,N,Y,Y,Y,Y,Y,Y,Y,Y
94,5qn7-tcmd,Election Precincts (1992-2001) (h),N,N,Y,N,N,Y,Y,N,Y
95,5rnp-brr9,Median Property Value,N,Y,Y,Y,Y,Y,Y,N,Y
96,5stq-9cik,Capital Improvement Projects,N,N,N,N,N,Y,N,N,N
97,5tk2-k49r,Pierce County Basemap,N,N,N,N,N,Y,N,N,N
98,5uhi-n32t,HS Dataset ADR seniors,N,Y,Y,Y,Y,Y,Y,Y,Y
99,5ywc-wd5e,CJFJC - Handle Situation,N,N,Y,N,N,Y,Y,N,Y
100,62vw-wwbm,Aquifer - Clover/Chambers Creek,N,N,N,N,N,Y,N,N,N
101,652x-5sfg,Range Township,N,N,N,N,N,Y,N,N,N
102,65ny-m7x6,Stormwater Mainlines,N,N,N,N,N,Y,N,N,N
103,65u2-xjhp,Percent of Veterans in Pierce County Government,N,Y,Y,Y,Y,Y,Y,N,Y
104,66kt-n3yc,Potentially Preventable Hospitalization Rate,N,Y,Y,Y,Y,Y,Y,Y,Y
105,66mn-p7id,PPW Ferry Ticket Sales,N,N,Y,Y,Y,Y,Y,N,Y
106,68qh-aat9,HR DEI Training Metrics Dataset,N,Y,Y,Y,Y,Y,Y,Y,Y
107,69ks-yy32,DAC Mental Health (Trueblood) Jail Days Saved,Y,N,Y,Y,N,Y,Y,N,Y
108,6a68-prau,PPW_Concurrency of Arterial Miles,N,N,Y,Y,Y,Y,Y,Y,Y
109,6afw-i9eb,Assessor Treasurer Lobby Wait Times,Y,N,Y,Y,Y,Y,Y,N,Y
110,6cud-qad2,Commercial Permit_Valuations&Mapping,Y,Y,Y,N,Y,Y,Y,N,Y
111,6erw-qghc,HS PCA-ATC Age,N,N,Y,N,Y,Y,Y,Y,Y
112,6fhd-grg4,Floodplains for the Future Dataset,N,N,Y,N,Y,Y,Y,Y,Y
113,6g94-tusy,ED Tourism TPA Monthly Revenue Data,N,Y,Y,Y,Y,Y,Y,N,Y
114,6hga-f2ud,FIN Safety Committee Attendance by Department,N,N,Y,Y,Y,Y,Y,Y,Y
115,6hyk-ptca,Traffic Signals and Beacons,N,N,N,N,N,Y,N,N,N
116,6ia5-vxez,Stormwater Nodes,N,N,N,N,N,Y,N,N,N
117,6muw-c5sb,Stormwater Manholes,N,N,N,N,N,Y,N,N,N
118,6rrc-i8x6,CJFJC - Satisfied with Services,N,N,Y,N,N,Y,Y,N,Y
119,6ux2-h6sf,COM - Project Management Data,N,N,Y,N,Y,Y,Y,Y,Y
120,6wet-tt79,Average Commute Time to Work,N,Y,Y,Y,Y,Y,Y,Y,Y
121,6wzq-zveh,Franchise - Power,N,N,N,N,N,Y,N,N,N
122,6y5d-m9q9,Opioid-Related Deaths,N,Y,Y,Y,Y,Y,Y,Y,Y
123,6ywy-wcjq,CJFJC - Animal Safety,N,N,Y,N,N,Y,Y,N,Y
124,6zdq-bjes,Drainage - Open Channel Barriers,N,N,N,N,N,Y,N,N,N
125,73zw-5cdk,School Districts,N,N,N,N,N,Y,N,N,N
126,764h-k42q,MED Days To Release Reports,N,N,Y,Y,Y,Y,Y,Y,Y
127,76qb-g4uk,"Small Area Demographic Estimates by Age, Sex, Race and Hispanic Origin",N,Y,Y,Y,Y,Y,Y,Y,Y
128,7bpr-ypfv,Trueblood Grant Service Data,N,Y,Y,Y,Y,Y,Y,Y,Y
129,7buz-s4ti,COVID-19 Cases Deaths Recovered TPCHD Data,N,Y,Y,Y,Y,Y,Y,N,Y
130,7ddn-8fxq,Sensitive Area Markers,N,N,N,N,N,Y,N,N,N
131,7dn6-itts,Auditor Lobby Wait Times,N,Y,Y,Y,Y,Y,Y,Y,Y
132,7ey6-2run,CJFJC - DVHL,N,N,Y,N,N,Y,Y,N,Y
133,7fpm-bves,HR Annual Employee Turnover Rate,N,N,Y,Y,Y,Y,Y,Y,Y
134,7hkh-z4t2,PPW Development Center Budget,N,N,Y,N,N,Y,Y,N,Y
135,7kjd-5tix,FIN Workload Indicators,N,N,Y,Y,Y,Y,Y,Y,Y
136,7nzn-8n2w,CWI Wetlands Delineation,N,N,N,N,N,Y,N,N,N
137,7pck-4xij,Percent of Public Records Requests Responded to Within Five Business Days,N,Y,Y,Y,Y,Y,Y,Y,Y
138,7pd7-n5p3,FAC Performance Ratios,N,Y,Y,N,Y,Y,Y,Y,Y
139,7qgt-ebsh,HS Dataset ADRC Calls,N,Y,Y,Y,Y,Y,Y,Y,Y
140,7qke-nyam,Crisis Recovery Center Utilization Locations by Client,N,N,Y,N,N,Y,Y,N,Y
141,7txp-xs95,Safety Rate,N,N,Y,N,Y,Y,Y,Y,Y
142,7u74-kdex,Tenant Meetings,N,Y,Y,Y,Y,Y,Y,Y,Y
143,7up6-435b,MCIRT Monthly Data,N,Y,Y,Y,Y,Y,Y,Y,Y
144,7vgu-c7b8,FIN Page Views in Open Pierce County,N,N,Y,Y,Y,Y,Y,Y,Y
145,7x4g-gdjq,County Facilities with Divisions,N,N,N,N,N,Y,N,N,N
146,7xci-ezdv,RSK Percent Employee Participation in Wellness Program,Y,N,Y,Y,Y,Y,Y,Y,Y
147,7yu8-z4rx,Pierce County Claim Settlements,N,Y,Y,Y,Y,Y,Y,Y,Y
148,7zhq-btpw,HS_Dataset_60+population,N,N,Y,Y,N,Y,Y,Y,Y
149,833t-si7i,FIN Fleet Workload Service Data,Y,N,Y,Y,Y,Y,Y,Y,Y
150,844y-d96z,Municipal Courts,N,N,N,N,N,Y,N,N,N
151,847t-gc7p,Demographic - Population Percent by Sex by County WA,N,Y,Y,Y,Y,Y,Y,Y,Y
152,84fm-pekh,Council District Race/Ethnicity,Y,Y,Y,N,Y,Y,Y,Y,Y
153,85jb-832i,HS Dataset WSU 4-H,N,Y,Y,Y,Y,Y,Y,Y,Y
154,86xp-kq5q,Biodiversity Network,N,N,N,N,N,Y,N,N,N
155,876x-wicw,COM - Sheriff Recruitment,N,N,Y,N,N,Y,Y,N,Y
156,88va-tidc,ED Tourism 2022 LTAC Allocations,N,N,Y,Y,Y,Y,Y,N,Y
157,89bp-xq9m,Flow Monitoring Sites,N,N,N,N,N,Y,N,N,N
158,89ee-fdwq,Pavement – Shoulder,N,N,N,N,N,Y,N,N,N
159,8d3y-aswx,Water Quality Index Scores,N,N,Y,N,N,Y,Y,N,Y
160,8dur-kw3p,PPW Airport Workload Indicators,N,N,Y,Y,Y,Y,Y,Y,Y
161,8fk5-4vvs,HS Dataset Farmers Market voucher redemption rate,N,N,Y,Y,N,Y,Y,Y,Y
162,8g3x-mdrr,HS Veterans CARES ethnicity,N,N,Y,N,N,Y,Y,Y,Y
163,8htr-9zpa,Drainage - Virtual Drainlines,N,N,N,N,N,Y,N,N,N
164,8i2x-9x8n,Overnight Parking Restrictions,N,N,N,N,N,Y,N,N,N
165,8ici-9hg9,Pierce County Survey Results,N,N,Y,Y,Y,Y,Y,Y,Y
166,8iw4-d7hx,ED Private Industry Employment and Wages,Y,N,Y,N,Y,Y,Y,Y,Y
167,8juk-nnhx,CJFJC - DSHS/DCS,N,N,Y,N,N,Y,Y,N,Y
168,8k56-6nte,HS PCA-ATC,N,N,Y,N,Y,Y,Y,Y,Y
169,8kn9-fzug,2020 Census Blocks,N,N,Y,Y,Y,Y,Y,N,Y
170,8m2d-d4pd,FM | Green House Gas | Inventory,N,N,Y,N,Y,Y,Y,Y,Y
171,8m4z-8tnj,CJFJC - Community Outreach,N,N,Y,N,N,Y,Y,N,Y
172,8mb7-v4z6,featured stories,N,N,N,N,N,Y,N,N,N
173,8q8c-wexj,Job and Business Establishment Creation,N,Y,Y,Y,Y,Y,Y,N,Y
174,8qhu-m6aw,Covered employment,Y,Y,Y,N,Y,Y,Y,Y,Y
175,8qin-jsg3,FIN Number of Bidders,N,Y,Y,Y,Y,Y,Y,Y,Y
176,8r3s-8qih,Historic Survey,N,N,N,N,N,Y,N,N,N
177,8tih-eca9,COVID-19 Testing vs. Percent Positive,N,N,Y,Y,Y,Y,Y,Y,Y
178,8uba-4dks,COM - Internal Communications,N,N,Y,N,N,Y,Y,N,Y
179,8vhp-3q52,Traffic Impact Fee Service Areas,N,N,N,N,N,Y,N,N,N
180,8x8t-ghih,Geographic - Pierce County Vacant Land,N,Y,Y,Y,N,Y,Y,Y,Y
181,8zkw-fvie,HS CARES Act by District,N,N,Y,N,N,Y,Y,N,Y
182,927a-7ufa,HS Consejo School Race,N,N,Y,N,Y,Y,Y,Y,Y
183,95nd-xbpy,Roads,N,N,N,N,N,Y,N,N,N
184,95sw-srvh,HS_Dataset_Senior Nutrition,N,N,Y,N,Y,Y,Y,Y,Y
185,96j4-sfiz,Sewer Manholes,N,N,N,N,N,Y,N,N,N
186,983e-q5rf,HS VCCC Client Gender,N,N,Y,N,Y,Y,Y,Y,Y
187,99dz-xart,HS PCA-ATC Race,N,N,Y,N,Y,Y,Y,Y,Y
188,9cmk-e2m9,Groundwater Monitoring Wells,N,N,N,N,N,Y,N,N,N
189,9cqj-ansu,FEMA Floodway,N,N,N,N,N,Y,N,N,N
190,9df5-saeu,Health Insurance Coverage by County,N,Y,Y,Y,Y,Y,Y,N,Y
191,9drj-qt86,DEM Multi-Protocol Label Switching (MPLS) - Distributing Antennae System (DAS) Project Progress,Y,Y,Y,N,N,Y,Y,N,Y
192,9h52-qp7q,HR U.S. Bureau of Labor Statistics Turnover,N,Y,Y,Y,Y,Y,Y,Y,Y
193,9ifw-pkte,RSK On-the-Job Injury Claims by Department,N,Y,Y,Y,Y,Y,Y,Y,Y
194,9iz3-ytw4,HS Seneca WISe Race,N,N,Y,N,Y,Y,Y,Y,Y
195,9j8q-m4g7,CJFJC - Volunteer Hours,N,N,Y,N,N,Y,Y,N,Y
196,9kjk-r5ys,MED Workload Indicators,N,N,Y,Y,Y,Y,Y,Y,Y
197,9knm-84tg,FAC_ Deferred Maintenance Budget 2020-21,N,Y,Y,N,Y,Y,Y,Y,Y
198,9p5t-6fik,Voting Centers and Ballot Sites,N,N,N,N,N,Y,N,N,N
199,9px5-qqf9,Economic Free Reduced School Lunch by County WA,N,Y,Y,Y,Y,Y,Y,Y,Y
200,9r6w-kuxc,PKS Workload Indicators,N,N,Y,Y,Y,Y,Y,Y,Y
201,9ujq-52jz,CJFJC - Police Report Screened,N,N,Y,N,N,Y,Y,N,Y
202,9v7d-jc74,COM - Pierce County LinkedIn Engagement Rate,N,N,Y,N,Y,Y,Y,Y,Y
203,9vt4-5y3j,HS CLR-AOT Gender,N,N,Y,N,Y,Y,Y,Y,Y
204,9wmg-abtz,Nuisance Violations,N,N,Y,Y,Y,Y,Y,Y,Y
205,9z3b-iemx,Lahar Evacuation Routes,N,N,N,N,N,Y,N,N,N
206,9z5w-me7y,HS_Dataset_Veterans Age Demographics,N,N,Y,Y,Y,Y,Y,Y,Y
207,9zkt-rqgb,Historic Trails,N,N,N,N,N,Y,N,N,N
208,a2vx-6apc,HS VCCC Client Ethnicity,N,N,Y,N,Y,Y,Y,Y,Y
209,a3py-cp8x,CJFJC - Support Group,N,N,Y,N,N,Y,Y,N,Y
210,a3rn-grsd,Election Precincts,N,N,Y,N,N,Y,Y,N,Y
211,a6pw-3drw,Possible F+W Habitat Areas,N,N,N,N,N,Y,N,N,N
212,a7jm-rn5d,ED - Business Assistance Data - PC - 2021,N,N,Y,N,N,Y,Y,N,Y
213,abn5-vgeb,HS Consejo School Gender,N,N,Y,N,Y,Y,Y,Y,Y
214,abzc-p2n8,FIN Open Pierce County Analytics,N,N,Y,Y,Y,Y,Y,N,Y
215,af5j-pcr3,DEM Lahar Testing,Y,Y,Y,N,Y,Y,Y,Y,Y
216,agu8-qi6z,ED Private Capital Investment,Y,Y,Y,N,Y,Y,Y,Y,Y
217,ah9b-upqp,Mobile Home Parks,N,N,N,N,N,Y,N,N,N
218,ammg-tuy9,Drainage - Network Structures,N,N,N,N,N,Y,N,N,N
219,amxb-qarw,HR Performance Evaluations Aggregated,N,Y,Y,Y,Y,Y,Y,Y,Y
220,asys-gx4e,Pierce County Public Tax Parcels,N,Y,Y,Y,Y,Y,Y,N,Y
221,aw8f-qfrs,Households with Broadband Internet by County,N,Y,Y,Y,Y,Y,Y,Y,Y
222,ax3n-8grq,HS Dataset Energy PK,N,Y,Y,Y,Y,Y,Y,N,Y
223,ax8s-75fp,HS Dataset FCSP client count,N,Y,Y,Y,Y,Y,Y,N,Y
224,aytx-yzrz,Legislative Districts,N,N,N,N,N,Y,N,N,N
225,az5t-23rx,Stormwater Private Ponds Unincorporated,N,N,N,N,N,Y,N,N,N
226,b2c8-cpv5,Housing Cost Burden By Ownership and Income,N,N,Y,Y,Y,Y,Y,Y,Y
227,b2k6-utcc,COM - PCTV Production Hours,N,Y,Y,N,N,Y,Y,N,Y
228,b4yn-yffd,wallpaper banner,N,N,N,N,N,Y,N,N,N
229,bafh-65ha,HS Rental Assistance Payment by Funding,N,N,Y,Y,N,Y,Y,N,Y
230,bdig-9b6c,HS CLR-AOT Race,N,N,Y,N,Y,Y,Y,Y,Y
231,bfwy-s4ch,COVID-19 CARES Act Projected Spend Rates,N,N,Y,Y,Y,Y,Y,Y,Y
232,bhy3-g63a,HS Dataset Budget,N,Y,Y,Y,Y,Y,Y,N,Y
233,bifx-9cwd,HS CLR-AOT Services,N,N,Y,N,Y,Y,Y,Y,Y
234,bjv8-yczb,Ferry Survey KPI Data,N,N,Y,N,Y,Y,Y,Y,Y
235,bkxr-2sb6,ROW Moratoriums,N,N,N,N,N,Y,N,N,N
236,bnvu-5scb,HS Dataset Beyond the Borders,N,N,Y,N,Y,Y,Y,Y,Y
237,bpqe-w6e2,HS PCA-ATC Ethnicity,N,N,Y,N,Y,Y,Y,Y,Y
238,bqna-7y7d,COVID PPE Distribution,N,N,Y,Y,N,Y,Y,N,Y
239,bqza-t9cn,COVID-19 Restaurant Rally,N,Y,Y,Y,Y,Y,Y,Y,Y
240,brb6-zdts,Sewer Nodes,N,N,N,N,N,Y,N,N,N
241,bt9c-vcnf,CJFJC - Access to Services,N,N,Y,N,N,Y,Y,N,Y
242,bu6b-xqnb,FIN - Regional Agencies using IT Systems or Services,N,Y,Y,Y,Y,Y,Y,Y,Y
243,bwdk-cw9y,HS_Dataset_Veterans in WA State,N,N,Y,Y,Y,Y,Y,Y,Y
244,bzqe-s2fu,Cultural Resource Inventory,N,N,N,N,N,Y,N,N,N
245,c3g8-f5vz,Historic Railroads,N,N,N,N,N,Y,N,N,N
246,c45c-agph,WatershedHealthMonitoring_Locations,N,N,Y,N,N,Y,Y,N,Y
247,c469-9q69,Infant Birthweight by County,N,Y,Y,N,Y,Y,Y,Y,Y
248,c4ch-39ze,Geographic - Pierce County Land,N,Y,Y,Y,N,Y,Y,N,Y
249,c4eu-ywm8,DEM Job Related Training,N,Y,Y,N,Y,Y,Y,Y,Y
250,c5cw-f3au,Railroads,N,N,N,N,N,Y,N,N,N
251,c85h-ydqn,CARES Act Financial Summary,N,N,Y,Y,Y,Y,Y,Y,Y
252,c86h-wg9s,Youth Suicide Attempt Rate,N,Y,Y,Y,Y,Y,Y,N,Y
253,c8hq-nu5b,Educational Attainment,N,Y,Y,Y,Y,Y,Y,N,Y
254,c9ah-angs,CJFJC - Intern Hours,N,N,Y,N,N,Y,Y,N,Y
255,ca5b-4xi9,FIN - Core IT Systems on Modern Platform,N,Y,Y,Y,Y,Y,Y,Y,Y
256,caex-8r72,Erosion Hazard Areas,N,N,N,N,N,Y,N,N,N
257,caur-6c7u,GHG Emissions Per Capita,N,N,Y,N,N,Y,Y,N,Y
258,cb6y-mv6s,Waste Water Treatment Plants,N,N,N,N,N,Y,N,N,N
259,cbd2-cgng,CLK New Accounts 22 Q1,Y,N,Y,N,N,Y,Y,N,Y
260,cbjs-fy9x,Historical Pierce County Fees by Type,N,Y,Y,Y,Y,Y,Y,Y,Y
261,cc6w-mz36,Median Home Price,N,Y,Y,Y,Y,Y,Y,Y,Y
262,cgbw-5eec,PKS Park Program Users,N,Y,Y,Y,Y,Y,Y,Y,Y
263,cgqe-bahc,HS Dataset Veterans Calls and Referrals,Y,N,Y,N,N,Y,Y,N,Y
264,cixj-i3gb,Pierce County Service Feedback - Website,N,Y,Y,Y,N,Y,Y,Y,Y
265,cjqk-9uc8,PC Airport TIW Data,N,N,Y,N,N,Y,Y,N,Y
266,ck7n-82ff,Development Engineering - Short Plats,N,N,N,N,N,Y,N,N,N
267,ckzv-6zcb,DEM PCAlert Registered Recipients,N,Y,Y,Y,Y,Y,Y,Y,Y
268,cn42-cwbe,HS Seneca WISe Evaluation Metrics,N,N,Y,N,Y,Y,Y,Y,Y
269,cpuf-z85w,Pavement – Shoulder,N,N,N,N,N,Y,N,N,N
270,cq59-r5h7,Sewer Lift Stations,N,N,N,N,N,Y,N,N,N
271,cs7r-s6cf,COVID-19 2021 Expenditures,N,Y,Y,Y,Y,Y,Y,Y,Y
272,ctij-m7sa,Floodplain Cross Sections,N,N,N,N,N,Y,N,N,N
273,cua9-bjvp,Executive Priority Projects,Y,Y,Y,N,Y,Y,Y,Y,Y
274,cui7-nush,MED Exam Types,N,N,Y,Y,Y,Y,Y,Y,Y
275,cv43-cnmp,Crime Data - Past 12 Months,N,N,N,N,N,Y,N,N,N
276,cx7y-egnk,HS_Dataset_ADR Caseload,N,N,Y,Y,Y,Y,Y,Y,Y
277,cxq3-hmia,HS Dataset Transportation,Y,Y,Y,Y,Y,Y,Y,Y,Y
278,cxz2-6pst,Average Days to Approve Residential Permits with Annual Aggregate,N,Y,Y,Y,Y,Y,Y,Y,Y
279,cyv2-jdzy,PC Airport Thun Field Data,N,N,Y,N,N,Y,Y,N,Y
280,cz5g-rbpz,Energy Use at County Facilities,N,Y,Y,Y,N,Y,Y,Y,Y
281,d3ef-5vb6,FIN Safety Committee Meeting Attendance,N,N,Y,Y,Y,Y,Y,Y,Y
282,d3qa-hh4t,Development Moratorium,N,N,N,N,N,Y,N,N,N
283,d4tj-458g,Truck Class,N,N,N,N,N,Y,N,N,N
284,d6qq-q6f6,HS VCCC Client Race,N,N,Y,N,Y,Y,Y,Y,Y
285,d8gt-bwgs,Development Engineering - Commercial,N,N,N,N,N,Y,N,N,N
286,d9rv-xrzj,HS Seneca WISe Gender,N,N,Y,N,Y,Y,Y,Y,Y
287,ddqy-syk9,Economic - Workers Commute to Pierce County,N,Y,Y,Y,Y,Y,Y,Y,Y
288,de28-mvj9,Instream Protection (Centerlines),N,N,N,N,N,Y,N,N,N
289,de5j-w7wn,Fire Stations in Pierce County,N,N,N,N,N,Y,N,N,N
290,dj24-2rk7,Deputy Sheriff FTEs,N,N,Y,Y,Y,Y,Y,Y,Y
291,djwc-phyr,CARES Project Tracking - Public Health,N,N,Y,N,N,Y,Y,N,Y
292,dkgs-w8jp,PPW Ferry,N,Y,Y,N,N,Y,Y,N,Y
293,dnz5-jk3g,Ferry Ridership and Left Behind Data,N,N,Y,N,N,Y,Y,N,Y
294,dnz6-piy5,Pierce County Facilities,N,N,N,N,N,Y,N,N,N
295,dpqr-zta6,HS Dataset rental assistance,N,N,Y,N,N,Y,Y,Y,Y
296,dqg7-nkcr,Sheriff Patrol Blocks,N,N,N,N,N,Y,N,N,N
297,duks-v4r6,CJFJC - Connections,N,N,Y,N,N,Y,Y,N,Y
298,dw82-3eyj,HR Eligible for Retirement,N,Y,Y,Y,Y,Y,Y,Y,Y
299,dwmd-crn4,CJFJC - Menstrual Products,N,N,Y,N,N,Y,Y,N,Y
300,dwqj-bn82,HS Chart Beyond the Borders Rides,N,N,Y,N,Y,Y,Y,Y,Y
301,dxfx-4uf8,Historic Roads,N,N,N,N,N,Y,N,N,N
302,dyuw-3vig,RSK Percent of Claim Files Closed within 60 Days of Receipt,N,Y,Y,Y,Y,Y,Y,N,Y
303,dyv3-d958,ED Tourism 2022 TPA Allocations,N,N,Y,Y,Y,Y,Y,N,Y
304,e525-9yet,HS CLR School Ethnicity,N,N,Y,N,N,Y,Y,Y,Y
305,e5pj-jgn6,"Pierce County, WA -- COVID Risk Index Score",N,N,N,N,N,Y,N,N,N
306,e5xh-nmp6,FIRM_Panels,N,N,Y,N,N,Y,Y,N,Y
307,e7kv-7bjj,Criminal Justice - Patrol District,N,N,Y,Y,Y,Y,Y,Y,Y
308,e8sy-vs6p,CJFJC - Food,N,N,Y,N,N,Y,Y,N,Y
309,e937-rcgc,FIN IT Project Status,N,Y,Y,Y,Y,Y,Y,Y,Y
310,ea3t-8aaw,Demographic Birth and Death by County WA,N,Y,Y,Y,Y,Y,Y,N,Y
311,ea8k-s46g,HS Dataset ADR Outreach,Y,Y,Y,Y,Y,Y,Y,Y,Y
312,eavc-sj35,PPW PRRs,Y,Y,Y,N,N,Y,Y,Y,Y
313,ebwa-34zc,Suicide Related Deaths,Y,Y,Y,N,Y,Y,Y,Y,Y
314,ee5u-qbfa,American Rescue Plan Funding Allocations,N,Y,Y,Y,Y,Y,Y,Y,Y
315,efmk-c23f,DAC Blake and Backlog,N,N,Y,Y,Y,Y,Y,Y,Y
316,efpm-kjdf,DEM Staff Trained in EOC Functions,Y,N,Y,N,Y,Y,Y,N,Y
317,eiy4-gqan,Pierce County Quarterly Financial Reports,N,Y,Y,Y,Y,Y,Y,N,Y
318,ejmd-g6xz,DEM WATF-1 By Specialty,Y,Y,Y,N,Y,Y,Y,N,Y
319,ek7b-3aci,Lobby Wait Time Data - Aggregated,N,Y,Y,Y,Y,Y,Y,N,Y
320,emfy-vu7a,Franchise - Water,N,N,N,N,N,Y,N,N,N
321,ep28-2dbj,Biologic Integrity (B-IBI),N,N,N,N,N,Y,N,N,N
322,epdf-wve7,HS Comprehensive Life Resources Mobile Community Intervention Response Team  Zip Codes,N,N,Y,N,N,Y,Y,N,Y
323,eqkh-wbg7,Water Use at County Facilities,N,Y,Y,Y,Y,Y,Y,Y,Y
324,er6d-fse2,Crisis Recovery Center Monthly Utilization,N,N,Y,N,N,Y,Y,N,Y
325,er6f-hjhx,Sewer Valves,N,N,N,N,N,Y,N,N,N
326,es7e-4zpb,Foothills Trail - Fences and Gates,N,N,N,N,N,Y,N,N,N
327,esuz-yhgd,PPW Permit Activity by Month,N,Y,Y,Y,Y,Y,Y,Y,Y
328,ewau-f38m,Mine Hazard Areas,N,N,N,N,N,Y,N,N,N
329,ewun-9uc6,Address Points,N,N,N,N,N,Y,N,N,N
330,eyf5-cagh,FIN Workday Features Implemented,N,Y,Y,Y,Y,Y,Y,Y,Y
331,f28k-ykw8,Volcanic Hazards,N,N,N,N,N,Y,N,N,N
332,f6ju-m5g5,HS Consejo School Evaluation Metrics,N,N,Y,N,Y,Y,Y,Y,Y
333,f7x5-th4w,Community Plan Areas,N,N,N,N,N,Y,N,N,N
334,f82q-va6e,Hydro Puget Sound generalized,N,N,N,N,N,Y,N,N,N
335,f8fn-scew,RSK Percent Fund Reserve Achieved,Y,N,Y,Y,Y,Y,Y,Y,Y
336,fc2m-2e42,Washington Employer Numbers by County,N,Y,Y,Y,Y,Y,Y,N,Y
337,fdtw-nqne,Council District Population,Y,Y,Y,N,Y,Y,Y,Y,Y
338,ferx-xjx3,CARES Project Tracking - Essential Government,N,N,Y,N,N,Y,Y,N,Y
339,ff4w-c69w,South Sound 911 06092022,N,N,Y,N,Y,Y,Y,Y,Y
340,ff72-775q,Development Engineering - Other Land Use,N,N,N,N,N,Y,N,N,N
341,ffu5-2p8m,COM - All Repairs in Pierce County,N,Y,Y,N,Y,Y,Y,Y,Y
342,fg9t-m735,MED Indigent and Unclaimed Cases,N,N,Y,Y,Y,Y,Y,Y,Y
343,fgs5-bmhz,Fire Districts,N,N,N,N,N,Y,N,N,N
344,fjci-wygn,Sewer Improvement District-ULID,N,N,N,N,N,Y,N,N,N
345,fksn-mina,CLK_Accounts_17-21,Y,N,Y,N,N,Y,Y,N,Y
346,fryn-hfz4,New LINX accounts 2022 Quarter 1,Y,N,Y,N,N,Y,Y,N,Y
347,fv52-ek2a,Police Stations,N,N,N,N,N,Y,N,N,N
348,fv5h-vkya,Franchise Telecom Cable,N,N,N,N,N,Y,N,N,N
349,fvs8-zqza,Washington Counties,N,N,Y,N,Y,Y,Y,N,Y
350,fy6r-k9bw,CLK Workload Indicators,N,N,Y,Y,Y,Y,Y,Y,Y
351,fyrm-7qfi,MED Reports Completed,N,N,Y,N,N,Y,Y,N,Y
352,fzy2-6a25,ED Workload Indicators,N,N,Y,Y,Y,Y,Y,Y,Y
353,g3dx-nvq8,Pierce County Business Accelerator,N,N,Y,N,N,Y,Y,N,Y
354,g3v3-wy9g,FM Building Energy Use Intensity,N,N,Y,N,Y,Y,Y,Y,Y
355,g7ws-is8u,Stormwater Channels,N,N,N,N,N,Y,N,N,N
356,g8hp-2p3d,Historic_Council_Districts_2002,N,N,N,N,N,Y,N,N,N
357,gajz-xua9,HR Eligible Retirements,N,N,Y,Y,Y,Y,Y,Y,Y
358,gap5-t6vz,Ferry Run KPI Data,N,N,Y,N,N,Y,Y,N,Y
359,gdxw-te97,New LINX accounts 2017-2021,Y,N,Y,N,N,Y,Y,N,Y
360,gf6q-a544,HS Dataset ECEAP,N,Y,Y,Y,Y,Y,Y,Y,Y
361,gfui-gzgk,Electric Vehicles by County,N,Y,Y,N,Y,Y,Y,N,Y
362,ggwf-5ug4,HS Dataset ECEAP Site Outcomes,N,N,Y,N,N,Y,Y,N,Y
363,ghih-adkh,Franchise - Sewer,N,N,N,N,N,Y,N,N,N
364,ghy3-nwcr,Bridges - Supplemental,N,N,N,N,N,Y,N,N,N
365,gj9w-je9f,CJFJC - Service Connections,N,N,Y,N,N,Y,Y,N,Y
366,gpe4-tin2,FIN - Criminal Justice - Population and Arrest Percentages by Race,N,Y,Y,Y,Y,Y,Y,Y,Y
367,gqcr-k3dq,HS MCIRT Services,N,N,Y,N,Y,Y,Y,Y,Y
368,grk8-rrmt,CLK_Final_Filings_2020,N,N,Y,N,N,Y,Y,N,Y
369,gtpn-scjm,HS PCA-ATC Services,N,N,Y,N,Y,Y,Y,Y,Y
370,guch-ysnt,COVID-19 CARES Act Funding Allocations by Week,N,N,Y,Y,Y,Y,Y,Y,Y
371,guuf-vbkh,CLK Pro Se filings 2022 Q1,Y,N,Y,N,N,Y,Y,N,Y
372,gvyz-dtju,Unemployment Claims for PC - Initial and Continued by Month,N,N,Y,N,N,Y,Y,N,Y
373,gw2z-y7be,HR Engagement Survey Data with Question Details,N,Y,Y,Y,Y,Y,Y,Y,Y
374,h25r-392w,Sewer Treatment Plants,N,N,N,N,N,Y,N,N,N
375,h2fh-cvrr,PCSD Law Enforcement Complaints,Y,N,Y,Y,Y,Y,Y,Y,Y
376,h2pa-uvkx,Demographic - Population,N,Y,Y,Y,Y,Y,Y,Y,Y
377,h36p-x8np,COM - Top Executive Blog Posts,N,N,Y,N,N,Y,Y,N,Y
378,h38d-dus6,DEM WA-TF1 Deployable Status,N,Y,Y,Y,Y,Y,Y,Y,Y
379,h4c8-wdqt,FIN - IT projects completed according to work plan,N,Y,Y,Y,Y,Y,Y,Y,Y
380,h5t5-qimx,Adult Tobacco Use Rates,N,Y,Y,Y,Y,Y,Y,N,Y
381,h786-d8nt,ED - Business Assistance - By Type,N,N,Y,N,N,Y,Y,N,Y
382,h9kx-7iyc,Water Purveyors,N,N,Y,N,N,Y,Y,N,Y
383,ha4k-m3y7,Road Maintenance Jurisdiction & Function Class,N,N,N,N,N,Y,N,N,N
384,hb5i-c4u5,Port Industry Growth,N,Y,Y,Y,Y,Y,Y,N,Y
385,hc22-mht8,CJFJC - DV ED,N,N,Y,N,N,Y,Y,N,Y
386,hcq2-9h6x,CLK New accounts 8/17-7/18,N,N,Y,N,N,Y,Y,N,Y
387,hf47-48m9,Mobile Homes,N,N,N,N,N,Y,N,N,N
388,hfr5-bmxv,HS CLR School Services,N,N,Y,N,Y,Y,Y,Y,Y
389,hgck-dg33,DEM PCWARN NOTIFY,Y,Y,Y,N,Y,Y,Y,N,Y
390,hgj7-k2bb,CLK New Accounts 2021,Y,N,Y,N,N,Y,Y,N,Y
391,hhy3-p3nm,HS Consejo School Clients,N,N,Y,N,Y,Y,Y,Y,Y
392,hi5f-njq3,"American Community Survey 5 Year Estimates - Pierce County, WA",N,N,Y,N,Y,Y,Y,Y,Y
393,hj65-ys7a,fac training data,N,N,Y,N,Y,Y,Y,Y,Y
394,hk49-v5j8,River Routes,N,N,N,N,N,Y,N,N,N
395,hkvt-5g4z,explore tile settings,N,N,N,N,N,Y,N,N,N
396,hmbh-c3hw,Pierce County Boundary Lines,N,N,N,N,N,Y,N,N,N
397,hn9r-rieq,Plats and Short Plats,N,N,N,N,N,Y,N,N,N
398,hpyr-k7rg,Hire Pierce County: Next Gen,N,N,Y,N,Y,Y,Y,N,Y
399,hqr2-dmpi,PPW AirportData,N,N,Y,N,Y,Y,Y,Y,Y
400,hrae-avb5,Council District Household Income Brackets,Y,Y,Y,N,Y,Y,Y,Y,Y
401,hsc6-sftb,FIN IT Agency Users by System,N,Y,Y,Y,Y,Y,Y,Y,Y
402,htj9-f6ux,Aquifer - Recharge Areas,N,N,N,N,N,Y,N,N,N
403,htzk-xb8e,Glaciers,N,N,N,N,N,Y,N,N,N
404,hu56-txtb,DAC Western State Hospital Annual Hearings,Y,N,Y,Y,Y,Y,Y,Y,Y
405,hzu5-nyvq,COM Twitter Comparison,N,N,Y,N,N,Y,Y,N,Y
406,i274-ux6k,FPM Per Capita Dataset,N,N,Y,N,Y,Y,Y,Y,Y
407,i2pg-3sby,Transportation Improvement Program TIP (pts),N,N,N,N,N,Y,N,N,N
408,i2w3-cr2z,CLK_Accounts_17,Y,N,Y,N,N,Y,Y,N,Y
409,i3z8-c7qk,HS CLR School Evaluation Metrics,N,N,Y,N,Y,Y,Y,Y,Y
410,i6x9-h7n9,Water Quality Sampling Sites,N,N,N,N,N,Y,N,N,N
411,i7a5-z6k4,Drainage - Open Channels,N,N,N,N,N,Y,N,N,N
412,ic6v-dypw,ED Total Private Covered Employment,Y,N,Y,N,Y,Y,Y,Y,Y
413,iebp-fwy7,Pavement – Other Lane,N,N,N,N,N,Y,N,N,N
414,iiqz-g5iz,HS VCCC Services,N,N,Y,N,Y,Y,Y,Y,Y
415,ijj4-nsqz,Unauthorized Use Dataset,N,Y,Y,N,Y,Y,Y,Y,Y
416,ijqd-mpq6,CLK - Pretrial Contacts,N,N,Y,N,N,Y,Y,N,Y
417,imqk-swzq,DAC Resentencing Cases,N,N,Y,Y,N,Y,Y,Y,Y
418,it4w-wy45,COM - Pierce County LinkedIn Engagement,N,N,Y,N,N,Y,Y,N,Y
419,it9n-rpbn,HR Certified Leaders dataset,N,Y,Y,Y,Y,Y,Y,Y,Y
420,ivnj-andr,FAC FM Quarterly Energy Use,N,Y,Y,Y,Y,Y,Y,Y,Y
421,iw7t-d8gk,Franchise - Railroad,N,N,N,N,N,Y,N,N,N
422,iwu2-biyj,Open Checkbook Data,N,Y,Y,Y,Y,Y,Y,Y,Y
423,ix47-5aru,Urban Growth/Potential Annexation,N,N,N,N,N,Y,N,N,N
424,ixg3-n5d3,HS Dataset DD Early Intervention,N,N,Y,N,N,Y,Y,Y,Y
425,iysz-vvue,Historic 2000 Census Block Groups,N,N,N,N,N,Y,N,N,N
426,j2rh-9bgz,Community Navigator Program,N,N,Y,N,Y,Y,Y,N,Y
427,j37z-zn4f,DEM Infrastructure Preventative Maintenance,N,Y,Y,N,Y,Y,Y,Y,Y
428,j6es-gn77,FIN Safety Committee Monthly Meeting Attendance,N,Y,Y,Y,Y,Y,Y,Y,Y
429,jbpe-z25m,CJFJC - DVPO,N,N,Y,N,N,Y,Y,N,Y
430,jgwq-3j4x,CJFJC - Walk-ins,N,N,Y,N,N,Y,Y,N,Y
431,jiza-4tx8,HS Seneca WISe Ethnicity,N,N,Y,N,Y,Y,Y,Y,Y
432,jjdd-s9zm,CJFJC - Safety Plan,N,N,Y,N,N,Y,Y,N,Y
433,jjqj-3gnx,Additional Confinement,N,N,Y,N,N,Y,Y,N,Y
434,jkyb-9g6y,Soils Associations,N,N,N,N,N,Y,N,N,N
435,jmst-fu4v,COVID-19 Grant Tracking,N,Y,Y,Y,Y,Y,Y,Y,Y
436,jn8u-hcgh,Public Health Care Facilities,N,N,N,N,N,Y,N,N,N
437,jnmx-2ck2,Executive's Blog Viewership,Y,N,Y,N,N,Y,Y,N,Y
438,jq7x-9ta4,Intergovernmental Revenue - Aggregated,N,Y,Y,Y,Y,Y,Y,Y,Y
439,jswe-qnki,Violence Prevention,N,Y,Y,Y,Y,Y,Y,Y,Y
440,jtvp-jhwa,2020 Census Block Groups,N,N,N,N,N,Y,N,N,N
441,jucv-ypgg,HS Dataset Childreach,N,N,Y,N,Y,Y,Y,Y,Y
442,juq2-rcsg,Drainage - Break Points,N,N,N,N,N,Y,N,N,N
443,jvaj-ytea,Hydro - Waterbodies,N,N,N,N,N,Y,N,N,N
444,jvt2-uidj,Historic 2000 Census Tracts,N,N,N,N,N,Y,N,N,N
445,jzzm-vrn4,ED Non-employer Statistics,Y,Y,Y,N,Y,Y,Y,Y,Y
446,k2nc-ibh6,ATR_Microfiche Conversion,N,N,Y,N,Y,Y,Y,Y,Y
447,k6ad-599i,Zoning Overlay,N,N,N,N,N,Y,N,N,N
448,k6xw-i46g,Chinook Presence,N,N,N,N,N,Y,N,N,N
449,k7rv-twgb,Parks - Locations - Kids Who Play - PC - 2021,N,N,Y,N,N,Y,Y,Y,Y
450,keuh-wyje,Homeless Veterans Who Regain Housing,N,Y,Y,Y,Y,Y,Y,Y,Y
451,kfpq-9ygk,DAC Aggregate Criminal Case Count,N,N,Y,Y,Y,Y,Y,Y,Y
452,kgm4-zpa2,HS Dataset Weatherization,N,N,Y,N,N,Y,Y,N,Y
453,khda-3e9u,Drainage - Main Lines,N,N,N,N,N,Y,N,N,N
454,khiz-822q,EXEC Tribal Consultation Memorandums,Y,Y,Y,Y,Y,Y,Y,Y,Y
455,ki77-7tu6,Annual Water Quality Index Score,N,Y,Y,Y,Y,Y,Y,N,Y
456,kik8-rjip,HS MCIRT Evaluation Metrics,N,N,Y,N,Y,Y,Y,Y,Y
457,kirv-exad,FIN Average MPG and Fuel Usage,Y,Y,Y,Y,Y,Y,Y,Y,Y
458,kjas-zw9k,HS Dataset Length of time homeless,N,Y,Y,Y,Y,Y,Y,Y,Y
459,kkxh-ej4v,HS VCCC Clients,N,N,Y,N,Y,Y,Y,Y,Y
460,kmn7-e6eq,HS Energy Assistance Burden Reduction,N,Y,Y,Y,Y,Y,Y,Y,Y
461,kpbn-fatg,County Road Pavement Condition,N,Y,Y,Y,Y,Y,Y,Y,Y
462,kqge-awza,FAC Workload Service Data,N,N,Y,Y,Y,Y,Y,Y,Y
463,kr9r-bwf2,Traffic Volume,N,N,N,N,N,Y,N,N,N
464,ks4r-anny,Chambers Creek Property - Treatment Plant,N,N,N,N,N,Y,N,N,N
465,kuac-zngy,High School Graduation Rates by County,N,Y,Y,Y,Y,Y,Y,Y,Y
466,kuef-irbn,HS CLR-AOT,N,N,Y,N,Y,Y,Y,Y,Y
467,kve6-9hkd,Volcanic Time of Travel,N,N,N,N,N,Y,N,N,N
468,kyx4-cyf7,Oak Presence,N,N,N,N,N,Y,N,N,N
469,kz2c-weax,HS Pierce County Alliance - Alternative to Confinement Zip Codes,N,N,Y,N,Y,Y,Y,N,Y
470,m2eg-jc5d,Kids Need Play Programs All Agencies,N,N,Y,N,N,Y,Y,N,Y
471,m32x-q2wr,Historic Buildings,N,N,N,N,N,Y,N,N,N
472,m3ii-3h6r,HS Affordable Housing Units,Y,Y,Y,Y,N,Y,Y,Y,Y
473,m3sg-5sam,HR Engagement Survey - Recommend Pierce County as Employer,N,Y,Y,Y,Y,Y,Y,N,Y
474,m82h-u5vd,Youth Obesity Rate By County,N,Y,Y,Y,Y,Y,Y,Y,Y
475,majp-6sia,New LINX accts Q2 - 2019,N,N,Y,N,N,Y,Y,N,Y
476,mc4a-gv26,COVID Tracking - Permit Activity by Sector,N,N,Y,N,N,Y,Y,N,Y
477,mdt7-nm64,Watersheds,N,N,N,N,N,Y,N,N,N
478,mf65-8gjz,Veterans Employed by PC - Tier 1,N,Y,Y,Y,Y,Y,Y,Y,Y
479,mfi7-rjs5,Fleet Fuel Gallons,Y,Y,Y,N,Y,Y,Y,Y,Y
480,mjqd-m2i8,PPW SewerData,N,Y,Y,N,N,Y,Y,N,Y
481,mmzw-nrnk,HS Dataset DD 0-3 program,Y,Y,Y,Y,Y,Y,Y,Y,Y
482,mnft-2np6,COM - Point-in-Time Volunteer Recruitment Online Registrants,N,N,Y,N,N,Y,Y,N,Y
483,mng6-kgwa,Pierce County Boundary (polygon),N,N,N,N,N,Y,N,N,N
484,mqfq-ani7,Family Wage Jobs,Y,Y,Y,N,Y,Y,Y,Y,Y
485,mqyr-q3wr,CLK_Accounts_18,Y,N,Y,N,N,Y,Y,N,Y
486,mrfs-mcfg,section titles,N,N,N,N,N,Y,N,N,N
487,mswi-va2i,HS Affordable Housing projects,N,N,Y,N,N,Y,Y,N,Y
488,mu53-ehv2,MED Manner of Death,Y,N,Y,Y,Y,Y,Y,Y,Y
489,munw-urwc,FIN Supplies Purchasing Data,N,N,Y,Y,Y,Y,Y,Y,Y
490,mvqj-dg4p,Golf Courses Private,N,N,N,N,N,Y,N,N,N
491,mvqs-qef7,Schools in Pierce County,N,N,N,N,N,Y,N,N,N
492,mw9m-7j35,HS Dataset ADRC call outcomes,N,N,Y,N,N,Y,Y,N,Y
493,myju-bx58,HS Dataset Homelessness Programs,N,Y,Y,Y,Y,Y,Y,Y,Y
494,mzcd-rv3c,County Health Rankings,N,N,Y,Y,Y,Y,Y,Y,Y
495,n2pq-n25f,Cities in Pierce County,N,N,N,N,N,Y,N,N,N
496,n3ee-qxab,Pierce County Golf Courses,N,Y,Y,Y,Y,Y,Y,N,Y
497,n42x-87is,Drainage - Inlet Components,N,N,N,N,N,Y,N,N,N
498,n437-864s,Historic Council Districts 2012,N,N,Y,N,N,Y,Y,N,Y
499,n4tg-5izi,Comm - Internal Services Survey,N,N,Y,N,N,Y,Y,N,Y
500,n4tz-zswx,Veterans Employment,Y,Y,Y,N,Y,Y,Y,Y,Y
501,n4xr-xug7,Guardrails,N,N,N,N,N,Y,N,N,N
502,n5mn-nr27,Drainage - End Points,N,N,N,N,N,Y,N,N,N
503,n6gn-ydw3,HS Dataset Affordable Housing,N,Y,Y,Y,Y,Y,Y,Y,Y
504,n6zw-fcec,WaterQualityIndexScores,N,N,Y,N,N,Y,Y,N,Y
505,n7b5-quf2,HS CLR School Race,N,N,Y,N,Y,Y,Y,Y,Y
506,n7kt-qt5q,FAC Deferred Maintenance Projects,N,Y,Y,N,Y,Y,Y,Y,Y
507,n7r6-45rd,Development Engineering - Formal Plats,N,N,N,N,N,Y,N,N,N
508,n8y7-d5ne,CARES - Project Tracking - Public Health Updated,N,N,Y,N,N,Y,Y,N,Y
509,n9yk-svwj,CJFJC - PO Court,N,N,Y,N,N,Y,Y,N,Y
510,naab-9g7b,COVID-19 CARES Act Expenditures,N,N,Y,Y,Y,Y,Y,Y,Y
511,nc3d-924u,RTSQQ,N,N,N,N,N,Y,N,N,N
512,ncyn-unh7,FAC Budget Ratios,N,N,Y,Y,Y,Y,Y,Y,Y
513,ndku-vmxs,DAC Number of Interns Recruited,Y,N,Y,Y,Y,Y,Y,Y,Y
514,ndsu-xfud,Active Participations in Parks Programs,N,Y,Y,Y,Y,Y,Y,Y,Y
515,ngdd-gxkw,CJFJC - CT Access CJ,N,N,Y,N,N,Y,Y,N,Y
516,ngm5-c5f6,RTS,N,N,N,N,N,Y,N,N,N
517,nhnt-v7ka,Permits - Pierce County,N,N,N,N,N,Y,N,N,N
518,ni85-si5c,Potential_Flood_Hazard_Review,N,N,N,N,N,Y,N,N,N
519,njja-rc8w,Pierce Cities Centroid Point,N,N,Y,N,N,Y,Y,N,Y
520,nkp6-npdh,HS VCCC Evaluation Metrics,N,N,Y,N,Y,Y,Y,Y,Y
521,nmag-ky4n,FIN Intergovernmental Revenue-Aggregated,N,N,Y,Y,Y,Y,Y,Y,Y
522,nnbn-ct73,COM Facebook Comparison,N,N,Y,N,N,Y,Y,N,Y
523,npq2-qnxq,DBE_Contracts,N,N,Y,N,N,Y,Y,N,Y
524,nqer-k86r,Copy of HR Workforce Demographics 2017,N,N,Y,Y,Y,Y,Y,N,Y
525,nqup-7zcn,Pierce County Sentiment,N,N,Y,N,Y,Y,Y,Y,Y
526,nqvv-q472,CJFJC - Continued Care,N,N,Y,N,N,Y,Y,N,Y
527,nrh5-jewd,Foothills Trail - Traffic Signs,N,N,N,N,N,Y,N,N,N
528,nt67-8kw5,Crisis Recovery Center Quarterly Utilization,N,N,Y,N,N,Y,Y,N,Y
529,nx6t-zg5x,Drainage - Drain Structures,N,N,N,N,N,Y,N,N,N
530,ny8a-thwh,HS Consejo School Ethnicity,N,N,Y,N,Y,Y,Y,Y,Y
531,p2xe-zhs8,Homeless Crisis Response System - Housing Placements,Y,Y,Y,Y,N,Y,Y,N,Y
532,p3ju-4pt6,CJFJC - Strangulation,N,N,Y,N,N,Y,Y,N,Y
533,p4tp-97h2,HS Dataset Case Management,N,Y,Y,Y,Y,Y,Y,Y,Y
534,p78v-iz44,Foothills Trail - Bollards,N,N,N,N,N,Y,N,N,N
535,p8q7-9dh6,Encumbrances/Easements - polygons,N,N,N,N,N,Y,N,N,N
536,p965-ampp,PPW SewerBillingData,N,Y,Y,N,N,Y,Y,N,Y
537,p96h-b29v,FIN Workday Training Satisfaction Rate,N,Y,Y,Y,Y,Y,Y,Y,Y
538,p9zz-jnxr,FIN Interest Earned on County Treasury Pool Funds,N,N,Y,Y,Y,Y,Y,Y,Y
539,pai9-9khg,Landslide Hazard Areas,N,N,N,N,N,Y,N,N,N
540,pauk-nh92,DEM Days to Review Residential Building Applications,N,N,Y,N,N,Y,Y,N,Y
541,pbsh-jkhq,ED Tourism TPA Monthly Revenue by Jurisdiction Data,N,Y,Y,Y,Y,Y,Y,N,Y
542,pc45-pzm4,ED Tourism LTAC Revenue Data,N,Y,Y,Y,Y,Y,Y,Y,Y
543,pcbf-qaf5,DEM PCALERT Sent Within 8 Minute Goal,Y,Y,Y,N,Y,Y,Y,Y,Y
544,pdm6-yxum,COM - Improve Internal Services Level,N,N,Y,N,Y,Y,Y,Y,Y
545,pecg-s9wd,CLK New LINX Accounts,Y,N,Y,N,N,Y,Y,Y,Y
546,pet7-x8tm,ED Tourism LTAC Monthly Revenue by Jurisdiction Data,N,Y,Y,Y,Y,Y,Y,Y,Y
547,pfjt-3d2q,Shellfish Commercial Harvesting Areas,N,N,N,N,N,Y,N,N,N
548,ph2c-tihi,ED Tourism New Hotel Rooms,N,N,Y,Y,Y,Y,Y,N,Y
549,phfn-yn6i,PKS Park Visitors,N,Y,Y,Y,Y,Y,Y,Y,Y
550,pimy-teit,DEM Outdoor Warning System,N,Y,Y,N,Y,Y,Y,N,Y
551,pje7-4ehq,Vehicle Licensing Sub-Agents,N,N,N,N,N,Y,N,N,N
552,pka8-ktt5,COVID-19 Emergency Small Business Relief Loan Program,N,N,Y,Y,Y,Y,Y,Y,Y
553,pqcu-4wxz,FAC Facilities Assessment,N,Y,Y,N,Y,Y,Y,N,Y
554,pqsz-mzrz,HS ECEAP Demographics - living situation,N,N,Y,N,N,Y,Y,N,Y
555,psaj-aedp,CJFJC - New Day,N,N,Y,N,N,Y,Y,N,Y
556,pscw-ray2,Simultaneous Conveyance,N,N,N,N,N,Y,N,N,N
557,puic-mcx2,HS PCA-ATC Urinary Analyses,N,N,Y,N,Y,Y,Y,Y,Y
558,pvb8-ie6k,PKS Volunteer Hours,N,Y,Y,Y,Y,Y,Y,Y,Y
559,pvc3-vntm,Number of Students Successfully Completing Workforce Training Programs,N,Y,Y,Y,Y,Y,Y,Y,Y
560,pvkt-3t58,HS MCIRT Gender,N,N,Y,N,Y,Y,Y,Y,Y
561,pvwv-v5j5,Potholes,N,N,N,N,N,Y,N,N,N
562,pwmd-ndfn,Nearshore Salmon Habitat - Assessment,N,N,N,N,N,Y,N,N,N
563,pwvh-kw6z,COM - Self Service Resolution,N,N,Y,N,N,Y,Y,N,Y
564,pwz4-2vqh,COVID Tracking - Initial Unemployment Claims by Sector Table,N,Y,Y,Y,Y,Y,Y,Y,Y
565,pxkw-da2w,PKS ADA Plan,N,Y,Y,Y,Y,Y,Y,Y,Y
566,pyui-6azp,HS WSU SNAP-Ed outcomes,N,Y,Y,Y,Y,Y,Y,Y,Y
567,q2tc-3j7f,Activation Rate of Linked In Learning Licenses,N,Y,Y,Y,Y,Y,Y,Y,Y
568,q4j6-9kp5,Open Budget Revenue Data,N,Y,Y,Y,Y,Y,Y,Y,Y
569,q53k-q3ra,FAC Deferred Maintenance Projects  and Amounts,N,Y,Y,N,Y,Y,Y,Y,Y
570,q79c-akif,Housing Affordability Index,N,Y,Y,Y,Y,Y,Y,Y,Y
571,q7ke-jvza,HS CARES Mortgage payouts,N,N,Y,N,N,Y,Y,Y,Y
572,q8g4-c9yi,Demographic - Population Percent by Race Ethnicity by County WA,N,Y,Y,Y,Y,Y,Y,Y,Y
573,q8mg-g6cr,Deep and/or Fast Flowing Floodway,N,N,N,N,N,Y,N,N,N
574,q8ui-nkja,COM - Social Media Profile Engagement,N,N,Y,N,N,Y,Y,N,Y
575,q8vb-q458,CJFJC - Monthly Impact,N,N,Y,N,N,Y,Y,N,Y
576,qa3a-qtrw,CLK - Indigency Screenings,N,N,Y,N,N,Y,Y,N,Y
577,qa3i-y8k5,Libraries,N,N,N,N,N,Y,N,N,N
578,qadx-6jui,CLK E-filing submissions,N,N,Y,N,N,Y,Y,N,Y
579,qbnf-cmy5,Weather Stations,N,N,N,N,N,Y,N,N,N
580,qc7u-ht9v,Regulated Floodplain 2017,N,N,N,N,N,Y,N,N,N
581,qcbr-my48,Hydro - Riverbanks,N,N,N,N,N,Y,N,N,N
582,qcse-xp99,FAC SLA,N,Y,Y,N,Y,Y,Y,Y,Y
583,qdcv-6g9t,Development Engineering - Large Lots,N,N,N,N,N,Y,N,N,N
584,qe6w-67sr,E-Filing submissions Q1-19,Y,N,Y,N,N,Y,Y,N,Y
585,qeta-k7yn,New LINX accounts,N,N,Y,N,N,Y,Y,N,Y
586,qfgt-4tit,CLK_Accounts_20,Y,N,Y,N,N,Y,Y,N,Y
587,qfxx-35bp,Paved Trails,N,N,N,N,N,Y,N,N,N
588,qg45-25ih,2010 Census Block Groups,N,N,N,N,N,Y,N,N,N
589,qghi-2efp,Homeless Persons Who Regain Housing,N,Y,Y,Y,Y,Y,Y,Y,Y
590,qhv7-62sk,AUD Jurisdictional Elections Costs,N,N,Y,N,N,Y,Y,Y,Y
591,qk39-wy67,Council Districts - Pierce County,N,N,N,N,N,Y,N,N,N
592,qrep-c92t,DEM Fire Prevention Bureau Commercial Application Review,N,Y,Y,N,Y,Y,Y,Y,Y
593,qthc-4e6d,Average Fee Costs by Type,N,Y,Y,Y,Y,Y,Y,Y,Y
594,qx4t-ky9d,COM - Facebook Response Rate,N,N,Y,N,N,Y,Y,N,Y
595,qxux-wdbf,Cities - Annexations,N,N,N,N,N,Y,N,N,N
596,qyyv-qt8i,Monthly Unemployment Rate,N,Y,Y,Y,Y,Y,Y,N,Y
597,r8ji-byvc,HS Energy Households,N,Y,Y,Y,Y,Y,Y,Y,Y
598,r8ni-yicm,HS Dataset Cares Veterans,N,N,Y,N,N,Y,Y,Y,Y
599,raqm-5hpz,Possible Wetlands,N,N,N,N,N,Y,N,N,N
600,rc6h-vs2p,Youth Tobacco Use Rates,N,Y,Y,Y,Y,Y,Y,Y,Y
601,rcwm-iqx9,Snow Load,N,N,N,N,N,Y,N,N,N
602,rdjs-yvda,Council District Age Brackets,Y,Y,Y,N,N,Y,Y,Y,Y
603,rhjm-hfbi,FAC Construction Project Schedule,N,Y,Y,N,Y,Y,Y,Y,Y
604,riau-hvzk,Percent Increase in Housing Stock,N,Y,Y,Y,Y,Y,N,N,Y
605,rie7-qzpn,HS Dataset MHR,N,Y,Y,Y,Y,Y,Y,Y,Y
606,ripx-abry,NOFA Projects,N,N,Y,N,N,Y,Y,N,Y
607,rm6y-d6r7,FPM_Grant Tracking,Y,Y,Y,N,Y,Y,Y,Y,Y
608,rnph-cedi,Floodplain Seclusion Areas,N,N,N,N,N,Y,N,N,N
609,rpck-bgq5,DEM - COVID-19 vaccines distributed,N,N,Y,N,N,Y,Y,N,Y
610,rpvf-k2hj,DEM Commercial Building Applications,N,N,Y,N,N,Y,Y,N,Y
611,rsgp-8pbw,Open Space Corridors,N,N,N,N,N,Y,N,N,N
612,rtmt-3uif,Pierce County Population by Gender,N,Y,Y,Y,Y,Y,Y,Y,Y
613,rtw7-j58d,Energy Use at County Facilities - Updated,N,Y,Y,Y,Y,Y,Y,Y,Y
614,rv5p-2mfs,New Jobs Realized Through Executive Priority Project Status,Y,Y,Y,Y,Y,Y,Y,Y,Y
615,rvg5-atcq,ED Tourism LTAC Monthly Revenue Data,N,Y,Y,Y,Y,Y,Y,N,Y
616,rvrf-86ma,DEM Residential Building Applications,N,N,Y,N,N,Y,Y,N,Y
617,rxdw-bs8q,PPW SWM Workload Indicators,N,N,Y,Y,Y,Y,Y,Y,Y
618,rxsn-sypr,FIN IT Project Assessment,N,N,Y,Y,Y,Y,Y,Y,Y
619,ryth-bapq,PPW Capital Improvement Projects 2,Y,Y,Y,N,N,Y,Y,N,Y
620,s22p-zeeb,E-Filing submissions Q2-2019,N,N,Y,N,N,Y,Y,N,Y
621,s2ht-ku98,HR Workload Indicators,N,N,Y,Y,Y,Y,Y,Y,Y
622,s5ng-5b9f,DEM Community Outreach,N,Y,Y,N,Y,Y,Y,N,Y
623,s8st-jtr5,Sewer Main Lines,N,N,N,N,N,Y,N,N,N
624,s8vz-5kt5,Aquifer - Vulnerable Deep Aquifer Areas,N,N,N,N,N,Y,N,N,N
625,s9ke-y5ir,Channel Migration Zone Floodway,N,N,N,N,N,Y,N,N,N
626,s9qp-qqzi,CRAB_PSC Data,N,N,Y,N,Y,Y,Y,Y,Y
627,scit-dybe,Economic - Workers Commute from Pierce County,N,Y,Y,Y,Y,Y,Y,Y,Y
628,sdwu-994g,Minimum Footing Depth,N,N,N,N,N,Y,N,N,N
629,sf57-wa9s,COM - Social Media Promotions Updated,N,N,Y,N,N,Y,Y,N,Y
630,si7c-yub9,Transportation Improvement Program TIP (arcs),N,N,N,N,N,Y,N,N,N
631,sibj-9wfj,FIN Average MPG for Light Duty Fleet by Department,N,N,Y,Y,Y,Y,Y,Y,Y
632,sm6q-fatn,Adult Obesity Rate by County,N,N,Y,Y,Y,Y,Y,Y,Y
633,smbf-f3q3,FAC Employee Engagement,N,Y,Y,Y,Y,Y,Y,Y,Y
634,smfc-zqg5,FIN IT Project Types,N,N,Y,Y,Y,Y,Y,Y,Y
635,sn4q-xp6d,Nearshore Salmon Habitat - Eel Grass,N,N,N,N,N,Y,N,N,N
636,sq46-e9ty,FAC customer service WO performance v2,N,Y,Y,N,Y,Y,Y,Y,Y
637,sqnq-5rnh,Demographic - Net Migration by County WA,N,Y,Y,Y,Y,Y,Y,N,Y
638,ss2z-nbpx,Percent Unassigned General Fund Balance (Reserve),N,Y,Y,Y,Y,Y,Y,Y,Y
639,ssph-95dv,HS CLR-AOT Ethnicity,N,N,Y,N,Y,Y,Y,Y,Y
640,sua6-etz2,CARES Project Tracking - Economic Stabilization,N,N,Y,N,N,Y,Y,N,Y
641,sutg-fcab,PKS Trail Users,N,Y,Y,Y,Y,Y,Y,Y,Y
642,sw9d-639v,DAC Attorney Legal Education,Y,N,Y,N,N,Y,Y,Y,Y
643,swri-h6c9,Race/Ethnicity Diversity,N,N,Y,Y,Y,Y,Y,Y,Y
644,sxuk-rbxb,Sewer Service Area - Pierce County,N,N,N,N,N,Y,N,N,N
645,sz9e-4gti,Right of Way and Deeds,N,N,N,N,N,Y,N,N,N
646,t3sn-z4np,Com - Engagement Rate,N,N,Y,N,Y,Y,Y,Y,Y
647,t75c-qcus,Tons of Solid Waste Removed from Abated Properties,N,Y,Y,N,N,Y,Y,N,Y
648,t77e-d223,Homeless Youth Who Regain Housing,N,Y,Y,Y,Y,Y,Y,Y,Y
649,t959-9qen,CARES Act Approved Allocations,N,N,Y,Y,Y,Y,Y,Y,Y
650,taiw-9djr,FAC Employee Performance Evaluations,N,N,Y,N,Y,Y,Y,Y,Y
651,tb4n-7xsw,HS CLR-AOT Race,N,N,Y,N,Y,Y,Y,Y,Y
652,tc5s-t29k,Development Engineering - Mobile Homes,N,N,N,N,N,Y,N,N,N
653,tc62-rpig,Easements and Right of Way - lines,N,N,N,N,N,Y,N,N,N
654,teuw-x7vj,CARES Project Tracking - Community Response,N,N,Y,N,N,Y,Y,N,Y
655,tfgc-tuup,Bridges,N,N,N,N,N,Y,N,N,N
656,thsn-dhgd,Zoning,N,N,N,N,N,Y,N,N,N
657,tjpz-62y9,HS Seneca Wraparound with Intensive Services Zip Codes,N,N,Y,N,N,Y,Y,N,Y
658,tmg6-zyyv,PPW Planning Customers Served,N,N,Y,N,Y,Y,Y,Y,Y
659,tn45-7iwh,Population by Race Pierce County,Y,Y,Y,Y,Y,Y,Y,Y,Y
660,tnmq-dd3f,Number of New Housing Starts,N,Y,Y,Y,Y,Y,Y,Y,Y
661,tpf3-85ju,Average Wait Time in Development Center,N,Y,Y,Y,Y,Y,Y,Y,Y
662,tpmf-wa8s,Infrastructure Project Location (pts),N,N,N,N,N,Y,N,N,N
663,tqym-ug42,Geographic - Public Land Pierce County,N,Y,Y,Y,Y,Y,Y,Y,Y
664,trws-b73r,Historic 2000 Census Blocks,N,N,N,N,N,Y,N,N,N
665,ts3r-cuct,Domestic Violence Age,N,N,Y,N,N,Y,Y,N,Y
666,tt28-ynmi,HS Seneca WISe Clients,N,N,Y,N,Y,Y,Y,Y,Y
667,tt4p-psbi,COVID-19 CARES Act Funding Allocations - Detail,N,Y,Y,Y,Y,Y,Y,Y,Y
668,txne-7fjp,CLK Pro Se filings 2021 Final,Y,N,Y,N,N,Y,Y,N,Y
669,u2jq-63ds,Election Precincts (2012-2021) (h),N,N,Y,N,Y,Y,Y,N,Y
670,u2n7-v8we,Pedestrians and Bicyclists Using the Pierce County Trail System,N,Y,Y,Y,Y,Y,Y,Y,Y
671,u37p-4q2t,HS MCIRT Age,N,N,Y,N,Y,Y,Y,Y,Y
672,u3gb-kmc7,Violent and Property Crime Data,N,N,Y,Y,Y,Y,Y,Y,Y
673,u54y-vy9r,HS WSU EFNEP outcomes,N,Y,Y,Y,Y,Y,Y,Y,Y
674,u592-r6q2,Demographic Median Age by County WA,N,Y,Y,Y,Y,Y,Y,Y,Y
675,u5rp-ecsd,Pavement – Sidewalk,N,N,N,N,N,Y,N,N,N
676,u6c3-hqyu,CLK PTS Appearance Rate,N,N,Y,N,N,Y,Y,Y,Y
677,u6ig-6vsb,Election Precincts (2002-2011) (h),N,N,Y,N,N,Y,Y,N,Y
678,u6wc-dsbn,County Road Pavement Condition (Aggregated),N,Y,Y,Y,Y,Y,Y,Y,Y
679,u92b-jm9m,Speed Limit,N,N,N,N,N,Y,N,N,N
680,ua3q-kck4,HS Dataset Family Caregiver,N,Y,Y,Y,Y,Y,Y,Y,Y
681,ua9t-9awz,Air Quality by Year,N,Y,Y,Y,Y,Y,Y,Y,Y
682,uazb-j6gr,SimCon Second Division,N,N,Y,N,N,Y,Y,N,Y
683,ucw9-63f5,Kids Need to Play! All Agencies,N,N,Y,N,Y,Y,Y,N,Y
684,ufiw-ce4e,Pierce County Claims Filed,N,Y,Y,Y,Y,Y,Y,N,Y
685,uhwi-9p4e,FAC Workload Indicators,N,N,Y,Y,Y,Y,Y,Y,Y
686,ujuk-wv9m,HS Dataset ECEAP literacy results,N,Y,Y,Y,Y,Y,Y,Y,Y
687,un9s-h4qw,Intergovernmental Revenue,N,Y,Y,Y,Y,Y,Y,Y,Y
688,unqa-vmc5,FAC Cost per Building,N,Y,Y,N,Y,Y,Y,Y,Y
689,upwi-ft9k,Infants with Birthweight under 2499 grams,N,N,Y,N,N,Y,Y,N,Y
690,upz5-fhav,HS Dataset Veterans,Y,Y,Y,Y,Y,Y,Y,Y,Y
691,upzv-3xh6,Sheriff Patrol Districts,N,N,N,N,N,Y,N,N,N
692,usbs-v4kr,CWI Wetlands,N,N,N,N,N,Y,N,N,N
693,uuki-hmnq,County Health Rankings Data for Table - RWJ Report,N,Y,Y,Y,Y,Y,Y,N,Y
694,uw7z-cnub,PPW M&OCosts,N,N,Y,N,Y,Y,Y,Y,Y
695,uxin-rje5,AUD Election Precincts,N,N,Y,N,N,Y,Y,N,Y
696,v2tq-7ern,MED Decedents Brought to Medical Examiner for Postmortem Examination,Y,N,Y,Y,Y,Y,Y,Y,Y
697,v3vq-hk6x,COVID-19 Investigations Team Staffing,N,Y,Y,Y,Y,Y,Y,N,Y
698,v3xm-2jsv,CLK_Accounts_19,Y,N,Y,N,N,Y,Y,N,Y
699,v4rn-zxma,DEM Fire Prevention Bureau Residential Application Reviews,N,Y,Y,N,Y,Y,Y,Y,Y
700,v4y3-mt9k,Hydro - Puget Sound,N,N,N,N,N,Y,N,N,N
701,v5b7-hk92,CJFJC - PC Prosecutor Victims,N,N,Y,N,N,Y,Y,N,Y
702,v83a-d5vv,COM - Customer Satisfaction Survey Results,N,Y,Y,Y,Y,Y,Y,N,Y
703,vcq6-3i4z,MED Donor Cases Successfully Completed Within the Allotted Timeframe,N,N,Y,Y,Y,Y,Y,Y,Y
704,vdt9-na2z,ED InvestPierceCounty,Y,N,Y,Y,Y,Y,Y,Y,Y
705,ve7m-qphn,COVID-19 Temporary Care Center Utilization,N,N,Y,Y,Y,Y,Y,Y,Y
706,vhre-4w8u,Sheriff Restriction Areas,N,N,N,N,N,Y,N,N,N
707,vjzm-rnxq,RSK Chronic Conditions,N,N,Y,Y,Y,Y,Y,Y,Y
708,vnrw-3zgi,Stormwater Storage Basins,N,N,N,N,N,Y,N,N,N
709,vpbg-sbdq,HS Dataset WSU Master Gardener,N,Y,Y,Y,Y,Y,Y,Y,Y
710,vrbr-fmrb,Countywide Digitization,N,N,Y,N,Y,Y,Y,Y,Y
711,vu8d-4ctt,Drainage - Outlet Components,N,N,N,N,N,Y,N,N,N
712,vxd8-89my,Pierce County Boundaries,N,N,N,N,N,Y,N,N,N
713,w2wc-2pqu,Open Budget Expenditure Data,N,Y,Y,Y,Y,Y,Y,Y,Y
714,w4b8-65jw,River Mileposts,N,N,N,N,N,Y,N,N,N
715,w59q-dk6q,Sewer Meters,N,N,N,N,N,Y,N,N,N
716,w6fh-h796,CJFJC - Legal Clinics,N,N,Y,N,N,Y,Y,N,Y
717,w6gb-p7a6,RSK Number of County Facilities Inspected,N,N,Y,Y,Y,Y,Y,N,Y
718,w6vs-gp28,Chambers Bay Property,N,N,N,N,N,Y,N,N,N
719,w75z-if23,Departments with Completed Strategic Plans - Aggregated,N,N,Y,Y,Y,Y,Y,Y,Y
720,wbem-zewh,FAC Energy Use at FM Facilities,N,Y,Y,Y,Y,Y,Y,Y,Y
721,wbjf-z427,Shoreline Environment Designations,N,N,N,N,N,Y,N,N,N
722,wdkv-my9s,HR Public Records Metrics Dataset,N,Y,Y,Y,Y,Y,Y,Y,Y
723,webs-pijw,Development Rights (TDR/PDR),N,N,N,N,N,Y,N,N,N
724,wg6y-4ecz,COVID-19 Small Business Loan Weekly Report Data,N,Y,Y,Y,Y,Y,Y,N,Y
725,wgsg-b6eg,Aging and Disability Resources Phone Calls,N,Y,Y,Y,Y,Y,Y,Y,Y
726,wjh4-qqxi,HS CLR School Gender,N,N,Y,N,Y,Y,Y,Y,Y
727,wkqn-zz6i,COM - Project Survey Results,Y,N,Y,N,N,Y,Y,N,Y
728,wky5-m28z,COVID-19 Rollback Relief Grants - Demographics,N,Y,Y,Y,Y,Y,Y,Y,Y
729,wma7-x5q2,FAC Quarterly Water Use at FM Facilities,N,Y,Y,Y,Y,Y,Y,Y,Y
730,wmpy-z75p,Foothills Trail - Other Signs,N,N,N,N,N,Y,N,N,N
731,wqg9-bq2w,Sewer Miscellaneous,N,N,N,N,N,Y,N,N,N
732,wrbi-w4ts,PKS Parks Maintenance,N,Y,Y,Y,Y,Y,Y,Y,Y
733,wsgi-9sqk,HS Valley Cities Counseling and Consultations Zip Codes,N,N,Y,N,Y,Y,Y,N,Y
734,wsk6-txyn,HS PCA-ATC Gender,N,N,Y,N,Y,Y,Y,Y,Y
735,wvnd-s3yw,Stormwater Facilities - Creek and Ditch Systems,N,N,N,N,N,Y,N,N,N
736,wvnn-rkjg,Foothills Trail - Pipes,N,N,N,N,N,Y,N,N,N
737,wvtd-t67r,HS Dataset ECEAP Ethnicity,N,N,Y,Y,N,Y,Y,N,Y
738,ww54-4j2v,FIN Safety Committee Attendance by Department,N,N,Y,Y,Y,Y,Y,Y,Y
739,wx6p-b7pk,header top nav-2,N,N,N,N,N,Y,N,N,N
740,wxwz-d5tu,Drainage - Circuits,N,N,N,N,N,Y,N,N,N
741,wyw6-tr4q,HS Dataset CARES Mortgage Program,N,N,Y,N,N,Y,Y,Y,Y
742,wzmi-w6e7,HS Dataset Farmers Market,N,Y,Y,Y,Y,Y,Y,Y,Y
743,x2iv-g55q,FIN RSK Facility Risk Scores,N,Y,Y,Y,Y,Y,Y,Y,Y
744,x36a-wycp,Licensed Marijuana Radius,N,N,N,N,N,Y,N,N,N
745,x6ei-qvje,Chambers Bay Property - Features,N,N,N,N,N,Y,N,N,N
746,x8f6-dnx8,CJFJC - Toiletries,N,N,Y,N,N,Y,Y,N,Y
747,x8ga-gfzr,Human Services Customer Satisfaction Results,N,Y,Y,Y,Y,Y,Y,Y,Y
748,x9pb-8e9s,HS Seneca WISe Services,N,N,Y,N,N,Y,Y,N,Y
749,x9pc-e8uq,Development Engineering - Mobile Homes,N,N,N,N,N,Y,N,N,N
750,xaab-zf72,Economic - Women Who Give Birth Paid By Medicaid,N,Y,Y,Y,Y,Y,Y,Y,Y
751,xbey-hncm,Parks - polygons,N,N,N,N,N,Y,N,N,N
752,xbrp-qqc6,IT Service Desk Customer Satisfaction Survey,N,Y,Y,Y,Y,Y,Y,Y,Y
753,xeup-adby,CLK_Accounts_21,Y,N,Y,N,N,Y,Y,N,Y
754,xjtj-cgrh,2010 Census Blocks,N,N,N,N,N,Y,N,N,N
755,xk6b-6m26,WATV Roadways,N,N,Y,N,N,Y,Y,N,Y
756,xpuc-i624,FIN Drug-induced Deaths,Y,Y,Y,N,Y,Y,Y,Y,Y
757,xqmt-jc6q,COM - Mobile Website Users,N,N,Y,N,N,Y,Y,N,Y
758,xry5-u4y4,SimCon First Division,N,N,N,N,N,Y,N,N,N
759,xtq2-rijg,Percent of Executive Branch Employees who Received Performance Evaluations,N,Y,Y,Y,Y,Y,Y,Y,Y
760,xtyp-h4vz,HS CLR-AOT Evaluation Metrics,N,N,Y,N,N,Y,Y,N,Y
761,xurv-rkrt,HS MCIRT Race,N,N,Y,N,Y,Y,Y,Y,Y
762,xvk7-jve4,DAC Workload Indicators,N,N,Y,Y,Y,Y,Y,Y,Y
763,xydd-cds4,CARES Act Financial Aid for Technical College Students,N,Y,Y,Y,Y,Y,Y,Y,Y
764,xyg9-chf5,Economic Poverty Rate by County WA,N,Y,Y,Y,Y,Y,Y,Y,Y
765,xyz7-4xb9,Facebook Engagement,N,Y,Y,N,N,Y,Y,Y,Y
766,y2yb-9gxd,Ferry Maintenance KPI,N,N,Y,N,N,Y,Y,N,Y
767,y37q-mhkr,Demographic - Population Percent by Race Ethnicity (AsianPacific)by County WA,N,N,Y,Y,Y,Y,Y,Y,Y
768,y3ak-htjj,CJFJC - Police Report Outreach,N,N,Y,N,N,Y,Y,N,Y
769,y4nx-wiwk,Residents That Work Within Their County,N,Y,Y,Y,Y,Y,Y,N,Y
770,y4ny-kt65,2010 Census Tracts,N,N,N,N,N,Y,N,N,N
771,y6k6-gkwh,New LINX accts Q1-19,Y,N,Y,N,N,Y,Y,N,Y
772,y6u4-5rwk,ROW Proposed Work,N,N,N,N,N,Y,N,N,N
773,y97e-e9ka,census tract 2010,N,N,Y,N,N,Y,Y,N,Y
774,y99e-pteq,ED Commercial real estate,Y,Y,Y,Y,Y,Y,Y,Y,Y
775,yatf-5vuq,Foothills Trail - Amenities,N,N,N,N,N,Y,N,N,N
776,yb22-5y4n,CLK document efiling,N,N,Y,N,N,Y,Y,N,Y
777,yb6d-2jsd,CJFJC - Diapers/Wipes,N,N,Y,N,N,Y,Y,N,Y
778,ybvy-hv8v,Pierce County Qualified Tracts,N,N,Y,N,N,Y,Y,N,Y
779,ydbe-q46t,HS Energy Assistance Restoration,N,Y,Y,Y,Y,Y,Y,Y,Y
780,ydnu-ejdm,FIN Domestic Violence Data,Y,Y,Y,Y,Y,Y,Y,Y,Y
781,yebm-mmdx,FAC - Pierce County Facilities,N,N,Y,N,N,Y,Y,N,Y
782,ygm3-jak6,HS Dataset Per Capita FTEs,Y,N,Y,N,Y,Y,Y,Y,Y
783,yhgw-32e2,COM - Social Media Promotions,N,N,Y,N,N,Y,Y,N,Y
784,yhin-yc6u,Boat Ramps,N,N,N,N,N,Y,N,N,N
785,yhua-2j7h,Hydro - Centerlines,N,N,N,N,N,Y,N,N,N
786,ykt2-ipmb,DEM PC Community Outreach,N,Y,Y,N,N,Y,Y,Y,Y
787,ypgq-hvdt,HS WSU EFNEP,N,Y,Y,Y,Y,Y,Y,Y,Y
788,ypxj-px88,HS Dataset Caregiver hours,N,N,Y,N,N,Y,Y,Y,Y
789,yq75-7wut,PPW PALS Workload Indicators,N,N,Y,Y,Y,Y,Y,Y,Y
790,yr58-ic8y,MED Caseload,N,N,Y,Y,Y,Y,Y,N,Y
791,yrq9-dzip,CLK_Final_Accounts_2020,N,N,Y,N,N,Y,Y,N,Y
792,ysqu-kzzh,Pierce County Online Services,Y,Y,Y,N,N,Y,Y,Y,Y
793,ytas-fjvq,HS Dataset Contracts per Year,N,N,Y,N,N,Y,Y,N,Y
794,ytj8-8y88,HS CLR School,N,N,Y,N,Y,Y,Y,Y,Y
795,ytyp-rfpm,Drainage - Access Lids,N,N,N,N,N,Y,N,N,N
796,yv7w-hkw8,Park and Ride Lots,N,N,N,N,N,Y,N,N,N
797,yvug-735p,DEM Workload Indicators,N,N,Y,Y,Y,Y,Y,Y,Y
